timestamp,username,ip,country,device,status
2026-04-01 08:10:00,alice,105.71.14.20,Morocco,Windows-Laptop,success
2026-04-01 08:12:00,alice,105.71.14.20,Morocco,Windows-Laptop,fail
2026-04-01 08:13:00,alice,105.71.14.20,Morocco,Windows-Laptop,fail
2026-04-01 02:45:00,alice,105.71.14.20,Morocco,Windows-Laptop,success

2026-04-01 09:00:00,bob,41.250.33.10,Morocco,Android,success
2026-04-01 09:05:00,bob,41.250.33.10,Morocco,Android,fail
2026-04-01 09:06:00,bob,41.250.33.10,Morocco,Android,fail
2026-04-01 09:07:00,bob,41.250.33.10,Morocco,Android,fail

2026-04-01 14:20:00,carol,197.230.44.9,Morocco,MacBook,success
2026-04-01 14:25:00,carol,197.230.44.9,Morocco,MacBook,success
2026-04-01 15:00:00,carol,18.201.55.90,Ireland,MacBook,success

2026-04-01 23:40:00,david,88.12.45.90,France,Windows-PC,success
2026-04-01 23:42:00,david,88.12.45.90,France,Windows-PC,fail
2026-04-01 23:45:00,david,88.12.45.90,France,Windows-PC,fail

2026-04-01 03:15:00,emma,102.65.88.21,Morocco,iPhone,success
2026-04-01 03:17:00,emma,102.65.88.21,Morocco,iPhone,fail

2026-04-01 10:00:00,frank,13.37.122.10,USA,Linux-Server,success
2026-04-01 10:05:00,frank,13.37.122.10,USA,Linux-Server,fail

2026-04-01 11:00:00,alice,102.88.77.10,Morocco,Android,success
2026-04-01 11:05:00,alice,102.88.77.10,Morocco,Android,fail

2026-04-01 12:00:00,bob,88.99.12.45,Germany,Windows-Laptop,success
2026-04-01 12:05:00,bob,88.99.12.45,Germany,Windows-Laptop,fail

2026-04-01 16:30:00,carol,197.230.44.9,Morocco,MacBook,success
2026-04-01 16:35:00,carol,197.230.44.9,Morocco,MacBook,fail

2026-04-01 01:10:00,david,88.12.45.90,France,Windows-PC,success
